"","model_name","AIC","delta","dev_ex"
"1","simp",2176.49080068046,0,0.0107850869613706
"2","year",2176.49099953645,0.000198855993403413,0.0107857737952798
